--
-- Script was generated by Devart dbForge Studio for MySQL, Version 9.2.128.0
-- Product home page: http://www.devart.com/dbforge/mysql/studio
-- Script date 18.05.2025 13:18:26
-- Server version: 5.7.11
-- Client version: 4.1
--


SET NAMES 'utf8';



INSERT INTO oil_market.auth_permission(id, name, content_type_id, codename) VALUES
(1, 'Can add client', 1, 'add_client'),
(2, 'Can change client', 1, 'change_client'),
(3, 'Can delete client', 1, 'delete_client'),
(4, 'Can view client', 1, 'view_client'),
(5, 'Can add product', 2, 'add_product'),
(6, 'Can change product', 2, 'change_product'),
(7, 'Can delete product', 2, 'delete_product'),
(8, 'Can view product', 2, 'view_product'),
(9, 'Can add supplier', 3, 'add_supplier'),
(10, 'Can change supplier', 3, 'change_supplier'),
(11, 'Can delete supplier', 3, 'delete_supplier'),
(12, 'Can view supplier', 3, 'view_supplier'),
(13, 'Can add transaction', 4, 'add_transaction'),
(14, 'Can change transaction', 4, 'change_transaction'),
(15, 'Can delete transaction', 4, 'delete_transaction'),
(16, 'Can view transaction', 4, 'view_transaction'),
(17, 'Can add log entry', 5, 'add_logentry'),
(18, 'Can change log entry', 5, 'change_logentry'),
(19, 'Can delete log entry', 5, 'delete_logentry'),
(20, 'Can view log entry', 5, 'view_logentry'),
(21, 'Can add permission', 6, 'add_permission'),
(22, 'Can change permission', 6, 'change_permission'),
(23, 'Can delete permission', 6, 'delete_permission'),
(24, 'Can view permission', 6, 'view_permission'),
(25, 'Can add group', 7, 'add_group'),
(26, 'Can change group', 7, 'change_group'),
(27, 'Can delete group', 7, 'delete_group'),
(28, 'Can view group', 7, 'view_group'),
(29, 'Can add user', 8, 'add_user'),
(30, 'Can change user', 8, 'change_user'),
(31, 'Can delete user', 8, 'delete_user'),
(32, 'Can view user', 8, 'view_user'),
(33, 'Can add content type', 9, 'add_contenttype'),
(34, 'Can change content type', 9, 'change_contenttype'),
(35, 'Can delete content type', 9, 'delete_contenttype'),
(36, 'Can view content type', 9, 'view_contenttype'),
(37, 'Can add session', 10, 'add_session'),
(38, 'Can change session', 10, 'change_session'),
(39, 'Can delete session', 10, 'delete_session'),
(40, 'Can view session', 10, 'view_session');






INSERT INTO oil_market.django_content_type(id, app_label, model) VALUES
(5, 'admin', 'logentry'),
(7, 'auth', 'group'),
(6, 'auth', 'permission'),
(8, 'auth', 'user'),
(9, 'contenttypes', 'contenttype'),
(1, 'oilmarke', 'client'),
(2, 'oilmarke', 'product'),
(3, 'oilmarke', 'supplier'),
(4, 'oilmarke', 'transaction'),
(10, 'sessions', 'session');


INSERT INTO oil_market.django_migrations(id, app, name, applied) VALUES
(1, 'contenttypes', '0001_initial', '2025-05-18 04:00:43.483305'),
(2, 'auth', '0001_initial', '2025-05-18 04:00:44.138856'),
(3, 'admin', '0001_initial', '2025-05-18 04:00:44.285131'),
(4, 'admin', '0002_logentry_remove_auto_add', '2025-05-18 04:00:44.293963'),
(5, 'admin', '0003_logentry_add_action_flag_choices', '2025-05-18 04:00:44.310427'),
(6, 'contenttypes', '0002_remove_content_type_name', '2025-05-18 04:00:44.455516'),
(7, 'auth', '0002_alter_permission_name_max_length', '2025-05-18 04:00:44.843178'),
(8, 'auth', '0003_alter_user_email_max_length', '2025-05-18 04:00:44.865503'),
(9, 'auth', '0004_alter_user_username_opts', '2025-05-18 04:00:44.872578'),
(10, 'auth', '0005_alter_user_last_login_null', '2025-05-18 04:00:44.921942'),
(11, 'auth', '0006_require_contenttypes_0002', '2025-05-18 04:00:44.925536'),
(12, 'auth', '0007_alter_validators_add_error_messages', '2025-05-18 04:00:44.935211'),
(13, 'auth', '0008_alter_user_username_max_length', '2025-05-18 04:00:44.988839'),
(14, 'auth', '0009_alter_user_last_name_max_length', '2025-05-18 04:00:45.045719'),
(15, 'auth', '0010_alter_group_name_max_length', '2025-05-18 04:00:45.076838'),
(16, 'auth', '0011_update_proxy_permissions', '2025-05-18 04:00:45.089846'),
(17, 'auth', '0012_alter_user_first_name_max_length', '2025-05-18 04:00:45.154878'),
(18, 'oilmarke', '0001_initial', '2025-05-18 04:00:45.458135'),
(19, 'sessions', '0001_initial', '2025-05-18 04:00:45.504991');



INSERT INTO oil_market.oilmarke_client(id, name, address, phone) VALUES
(5, 'Нефтетрейд', 'Москва, ул. Нефтяная, 1', '+74951234567'),
(6, 'Топливный альянс', 'Санкт-Петербург, пр. Топливный, 10', '+78123456789'),
(7, 'Энергосбыт', 'Казань, ул. Энергетиков, 5', '+78431234567'),
(8, 'Транснефть', 'Новосибирск, ул. Транспортная, 15', '+73832123456');


INSERT INTO oil_market.oilmarke_product(id, name, description) VALUES
(6, 'Нефть сырая', 'Сырая нефть марки Urals'),
(7, 'Дизельное топливо', 'Дизельное топливо ЕВРО-5'),
(8, 'Бензин АИ-92', 'Бензин автомобильный АИ-92'),
(9, 'Бензин АИ-95', 'Бензин автомобильный АИ-95'),
(10, 'Мазут', 'Топочный мазут М-100');


INSERT INTO oil_market.oilmarke_supplier(id, name, contact_person, phone, email) VALUES
(4, 'Роснефть', 'Иванов И.И.', '+79991234567', 'info@rosneft.ru'),
(5, 'Лукойл', 'Петров П.П.', '+79992345678', 'contact@lukoil.com'),
(6, 'Газпром нефть', 'Сидоров С.С.', '+79993456789', 'sales@gazprom-neft.ru');


INSERT INTO oil_market.oilmarke_transaction(id, quantity, price_per_ton, date, payment_status, client_id, product_id, supplier_id) VALUES
(1, 35.97, 77747.32, '2024-12-01', 1, 7, 6, 4),
(2, 453.38, 36438.24, '2025-01-17', 0, 6, 9, 4),
(3, 579.09, 29441.32, '2024-10-10', 0, 7, 9, 5),
(4, 598.10, 31302.89, '2024-12-16', 1, 5, 10, 4),
(5, 482.26, 42170.77, '2025-02-02', 1, 6, 9, 6),
(6, 225.94, 31942.23, '2024-09-28', 0, 8, 8, 6),
(7, 829.27, 51821.45, '2024-09-19', 1, 6, 7, 5),
(8, 280.06, 45398.89, '2025-01-07', 1, 7, 8, 4),
(9, 71.70, 68185.09, '2024-08-18', 0, 6, 6, 4),
(10, 775.32, 55414.74, '2024-11-04', 0, 7, 8, 6),
(11, 947.92, 69734.85, '2025-02-25', 0, 5, 10, 5),
(12, 179.95, 51647.81, '2024-05-24', 0, 5, 7, 6),
(13, 811.40, 72479.60, '2024-12-10', 1, 5, 10, 5),
(14, 812.43, 56100.01, '2024-06-15', 1, 5, 7, 4),
(15, 52.98, 30289.03, '2025-05-05', 1, 6, 8, 4),
(16, 225.21, 49850.96, '2024-11-02', 0, 5, 10, 4),
(17, 184.81, 50011.66, '2024-08-27', 0, 6, 6, 6),
(18, 699.06, 69668.51, '2025-01-18', 1, 8, 6, 4),
(19, 824.38, 42144.46, '2024-12-12', 1, 5, 9, 6),
(20, 178.35, 27358.84, '2025-01-18', 1, 7, 7, 4),
(21, 936.15, 21843.57, '2025-02-13', 1, 6, 8, 5),
(22, 55.87, 42340.11, '2024-10-29', 0, 5, 6, 6),
(23, 327.67, 66683.62, '2025-01-26', 0, 6, 9, 6),
(24, 625.66, 56658.82, '2024-10-05', 1, 5, 8, 5),
(25, 317.56, 53032.81, '2024-08-19', 1, 8, 9, 6),
(26, 863.59, 74909.62, '2024-05-29', 0, 5, 6, 5),
(27, 498.14, 74992.64, '2025-04-30', 1, 6, 9, 6),
(28, 884.85, 46484.65, '2024-06-13', 1, 7, 7, 4),
(29, 839.92, 79567.52, '2024-08-20', 0, 8, 8, 5),
(30, 499.78, 33453.14, '2024-11-29', 0, 6, 6, 4),
(31, 546.07, 48398.10, '2024-07-03', 0, 7, 7, 4),
(32, 872.58, 41920.71, '2025-02-02', 0, 5, 6, 5),
(33, 439.39, 65438.44, '2024-11-18', 1, 6, 6, 6),
(34, 556.64, 72942.09, '2024-09-26', 1, 7, 6, 6),
(35, 784.45, 40702.55, '2025-04-19', 0, 7, 10, 5),
(36, 515.96, 23616.82, '2024-08-06', 1, 6, 9, 5),
(37, 304.44, 40135.70, '2024-12-30', 1, 5, 10, 6),
(38, 664.67, 52255.28, '2024-10-15', 1, 6, 9, 6),
(39, 692.74, 32920.23, '2025-05-07', 1, 8, 6, 6),
(40, 952.13, 29405.97, '2024-07-10', 1, 7, 9, 5);